ticker,name,sleeve,factor,price,pe_f1,pe_f2,peg,beta,div_yield,ltg,zacks_rank,roe,ytd_pct,chg_52w_pct,next_earnings
KO,Coca-Cola,quality,staples,88.09,26.76,24.99,3.43,0.34,2.41,7.8,2,39.38,26.00,32.57,2026-10-20
PEP,PepsiCo,quality,staples,130.18,15.19,14.48,2.74,0.35,4.55,5.5,4,54.63,-9.29,-8.43,2026-10-08
PG,Procter & Gamble,quality,staples,147.39,21.10,19.87,3.66,0.39,2.95,5.8,3,31.36,2.85,-3.30,2026-10-22
COST,Costco,quality,staples,904.70,40.21,36.98,3.80,0.86,0.65,10.6,3,28.04,4.91,-4.29,2026-09-24
BRK.B,Berkshire Hathaway B,quality,conglomerate,507.17,24.69,,7.12,0.61,0.00,,3,,0.90,2.03,2026-11-06
AXP,American Express,quality,financials,301.96,17.09,14.92,1.28,1.05,1.26,13.3,3,34.12,-18.38,-11.31,2026-10-23
V,Visa,quality,financials,361.52,27.47,24.14,1.94,0.76,0.74,14.2,3,67.68,3.08,6.74,2026-10-27
MA,Mastercard,quality,financials,559.92,28.13,24.42,1.60,0.74,0.62,17.6,3,239.99,-1.92,-1.56,2026-10-29
MCO,Moody's,quality,financials,473.85,27.91,25.17,2.47,1.34,0.87,11.3,2,80.35,-7.24,-0.20,2026-10-28
SPGI,S&P Global,quality,financials,406.50,22.90,20.26,1.96,1.07,0.95,11.7,3,17.74,-22.21,-17.17,2026-10-29
CB,Chubb,quality,insurance,335.21,12.26,11.61,1.60,0.37,1.22,7.7,3,14.47,7.40,20.47,2026-10-20
CVX,Chevron,quality,energy,205.51,12.44,14.01,0.60,0.50,3.46,20.7,3,11.09,34.84,29.10,2026-10-30
JNJ,Johnson & Johnson,quality,healthcare,269.17,23.19,20.98,2.57,0.24,1.99,9.0,3,32.42,30.07,52.34,2026-10-13
LLY,Eli Lilly,growth,healthcare,1150.99,31.89,24.93,1.44,0.50,0.60,22.2,3,97.83,7.10,55.15,2026-10-29
MSFT,Microsoft,quality,ai_platform,500.59,25.52,21.52,1.61,1.11,0.73,15.9,3,31.98,3.51,-1.87,2026-11-04
GOOGL,Alphabet A,quality,ai_platform,337.83,16.47,22.96,0.98,1.22,0.26,16.8,3,51.32,7.93,36.70,2026-11-04
AMZN,Amazon,growth,ai_platform,249.27,19.16,23.70,1.19,1.44,0.00,16.1,3,18.00,7.99,13.20,2026-10-29
META,Meta Platforms,growth,ai_platform,744.10,23.71,21.66,1.15,1.25,0.28,20.5,3,33.18,12.73,-2.18,2026-11-04
NVDA,NVIDIA,growth,ai_semis,225.51,24.39,14.71,1.74,2.22,0.44,14.0,1,96.04,20.92,27.43,2026-11-18
AVGO,Broadcom,growth,ai_semis,354.99,30.11,18.64,,1.44,0.73,,3,48.33,2.57,4.62,2026-12-10
TSM,Taiwan Semiconductor,growth,ai_semis,446.57,26.97,21.05,0.99,1.39,0.78,27.3,2,39.25,46.95,59.09,2026-10-15
AMD,Advanced Micro Devices,growth,ai_semis,614.61,82.19,41.89,5.48,2.48,0.00,15.0,3,12.30,186.99,282.03,2026-11-03
ANET,Arista Networks,growth,ai_semis,203.47,50.35,40.74,2.21,1.62,0.00,22.7,1,30.65,55.28,42.65,2026-11-03
ASML,ASML Holding,growth,ai_semis,1744.61,39.62,29.81,0.88,1.79,0.42,44.9,3,52.71,63.07,84.24,2026-10-14
KLAC,KLA Corp,growth,ai_semis,187.86,34.68,28.74,1.67,1.45,0.49,20.8,2,87.66,54.61,75.79,2026-11-04
MU,Micron,growth,ai_semis,1071.88,6.76,5.70,0.68,2.22,0.06,10.0,3,71.13,275.56,562.84,2026-09-30
NOW,ServiceNow,growth,software,140.78,34.67,28.28,1.42,0.97,0.00,24.5,3,16.45,-8.10,-24.59,2026-11-04
CRWD,CrowdStrike,growth,software,262.49,208.71,162.72,7.80,1.26,0.00,26.7,4,2.42,123.99,120.43,2026-12-01
